{https://registry.gdi-de.org/id/de.hh.up}name,{https://registry.gdi-de.org/id/de.hh.up}dhid,{https://registry.gdi-de.org/id/de.hh.up}einwohner,{https://registry.gdi-de.org/id/de.hh.up}linien,{https://registry.gdi-de.org/id/de.hh.up}geom,CRS
Finkenwerder (Schiff),de:02000:51980::519304,876,"62,64","MULTIPOLYGON (((9.875639 53.538065,9.875799 53.537866,9.875807 53.537825,9.875806 53.537811,9.875812 53.537801,9.876056 53.537467,9.876553 53.537266,9.877159 53.537162,9.877702 53.537066,9.878574 53.537100,9.879648 53.536827,9.879888 53.536224,9.879905 53.535811,9.879961 53.535784,9.879710 53.535632,9.879796 53.535573,9.880261 53.535388,9.880371 53.535313,9.880029 53.534840,9.879916 53.534913,9.879869 53.534822,9.879871 53.534817,9.879939 53.534776,9.880053 53.534714,9.880042 53.534670,9.879986 53.534529,9.879889 53.534169,9.879830 53.534049,9.879795 53.533842,9.879784 53.533774,9.879786 53.533771,9.880040 53.533422,9.880050 53.533374,9.880078 53.533279,9.879912 53.533301,9.879737 53.533266,9.879469 53.533137,9.879116 53.532925,9.878825 53.532831,9.878816 53.532835,9.878653 53.532772,9.877779 53.532938,9.877623 53.533119,9.877601 53.533121,9.877274 53.533173,9.876949 53.533134,9.876940 53.533135,9.876803 53.533253,9.876595 53.533447,9.876592 53.533449,9.876574 53.533491,9.876548 53.533493,9.876468 53.533491,9.876414 53.533459,9.876407 53.533455,9.876388 53.533362,9.876297 53.533390,9.876152 53.533318,9.876129 53.533320,9.875978 53.533413,9.875795 53.533497,9.874427 53.534491,9.874428 53.534498,9.874382 53.534537,9.874357 53.534538,9.874194 53.534650,9.874198 53.534653,9.874390 53.534827,9.874326 53.535151,9.874323 53.535154,9.874307 53.535216,9.874302 53.535219,9.874146 53.535340,9.874136 53.535343,9.873526 53.535446,9.873419 53.535435,9.873410 53.535425,9.873376 53.535477,9.873373 53.535486,9.873365 53.535502,9.873362 53.535509,9.873341 53.535565,9.873468 53.536002,9.873511 53.536188,9.873722 53.536627,9.873912 53.537039,9.873927 53.537153,9.873938 53.537225,9.873921 53.537245,9.873909 53.537256,9.873695 53.537292,9.873696 53.537292,9.873960 53.537945,9.874018 53.537942,9.874405 53.538273,9.874519 53.538495,9.875305 53.538277,9.875443 53.538183,9.875639 53.538065)))",EPSG:4326
Blankenese (Schiff),de:02000:81980::819300,1075,HBEL,"MULTIPOLYGON (((9.806563 53.559600,9.806835 53.559528,9.806842 53.559526,9.806853 53.559317,9.806854 53.559315,9.806849 53.559313,9.806908 53.559236,9.806947 53.558656,9.807242 53.558628,9.807336 53.558710,9.807451 53.558757,9.807477 53.558823,9.807483 53.558889,9.807491 53.558978,9.807511 53.559015,9.807503 53.559103,9.807503 53.559104,9.807502 53.559104,9.807422 53.559160,9.807350 53.559224,9.807340 53.559232,9.807424 53.559283,9.807500 53.559331,9.807562 53.559371,9.807578 53.559371,9.808024 53.559215,9.808077 53.559019,9.808094 53.559011,9.808324 53.559030,9.808418 53.559058,9.808630 53.559124,9.808634 53.559124,9.808696 53.559149,9.808699 53.559146,9.808718 53.559133,9.808686 53.559093,9.808627 53.558868,9.808829 53.558642,9.808847 53.558637,9.808934 53.558654,9.808950 53.558652,9.809590 53.558409,9.809693 53.558363,9.809742 53.558340,9.809691 53.558333,9.809640 53.558294,9.809313 53.558133,9.809261 53.558065,9.809270 53.558055,9.809281 53.557981,9.809003 53.557961,9.808996 53.557961,9.808888 53.557915,9.808890 53.557901,9.808721 53.557804,9.808675 53.557790,9.808664 53.557784,9.808579 53.557717,9.808585 53.557542,9.808975 53.557623,9.808988 53.557825,9.809388 53.557803,9.809593 53.557648,9.809561 53.557499,9.809605 53.557449,9.809711 53.557116,9.809757 53.556952,9.809758 53.556950,9.809753 53.556876,9.809822 53.556818,9.809850 53.556826,9.809918 53.556801,9.809928 53.556796,9.810005 53.556764,9.810219 53.556635,9.810448 53.556488,9.810458 53.556327,9.810463 53.556321,9.810651 53.556027,9.810669 53.556000,9.810685 53.555952,9.810680 53.555872,9.810684 53.555807,9.810699 53.555801,9.810755 53.555714,9.810764 53.555711,9.810518 53.555602,9.810444 53.555605,9.810405 53.555609,9.809635 53.555525,9.809528 53.555536,9.809506 53.555538,9.809497 53.555539,9.809336 53.555553,9.808405 53.555477,9.808143 53.555499,9.807967 53.555540,9.807764 53.555563,9.807747 53.555566,9.807662 53.555574,9.807588 53.555582,9.807162 53.555565,9.806981 53.555583,9.806837 53.555604,9.806822 53.555606,9.806668 53.555636,9.806328 53.555659,9.805767 53.555472,9.805359 53.555389,9.805351 53.555387,9.805343 53.555382,9.805335 53.555379,9.805325 53.555379,9.804588 53.555346,9.804530 53.555357,9.804455 53.555363,9.804396 53.555374,9.803431 53.555952,9.803427 53.555956,9.803383 53.556245,9.802972 53.556386,9.802958 53.556388,9.802240 53.556601,9.801700 53.556687,9.801149 53.556775,9.800450 53.557033,9.800419 53.557037,9.799271 53.557466,9.799213 53.557475,9.799153 53.557484,9.799057 53.557546,9.799162 53.557596,9.799650 53.557916,9.799653 53.557918,9.799654 53.557918,9.799657 53.557920,9.799657 53.557920,9.800700 53.558399,9.800808 53.558399,9.801005 53.558406,9.801188 53.558602,9.801190 53.558610,9.801130 53.558681,9.801130 53.558691,9.801133 53.558693,9.801438 53.558729,9.801761 53.558865,9.802365 53.558865,9.802445 53.558845,9.802608 53.558695,9.802613 53.558691,9.802619 53.558635,9.803029 53.558647,9.803241 53.558613,9.803381 53.558771,9.803307 53.558854,9.803307 53.558862,9.803514 53.559050,9.803667 53.559186,9.803672 53.559199,9.803675 53.559203,9.803854 53.559563,9.803854 53.559564,9.803853 53.559572,9.803808 53.559620,9.803808 53.559623,9.803894 53.559613,9.803898 53.559615,9.804713 53.559913,9.804711 53.559932,9.804727 53.559958,9.805004 53.559953,9.805715 53.559817,9.806070 53.559711,9.806563 53.559600)))",EPSG:4326
Ernst-August-Schleuse (Schiff),de:02000:39341::9539341,171,73,"MULTIPOLYGON (((9.985941 53.521384,9.986128 53.521109,9.986134 53.521105,9.986153 53.521072,9.986120 53.521041,9.986081 53.521005,9.986012 53.520975,9.985970 53.520958,9.985933 53.520966,9.985560 53.521053,9.985325 53.521042,9.984737 53.521119,9.984066 53.521071,9.983894 53.521081,9.983460 53.520991,9.983309 53.520929,9.983157 53.520917,9.982941 53.521023,9.982919 53.521025,9.982777 53.521015,9.982757 53.521015,9.982642 53.521008,9.982534 53.520975,9.982241 53.520947,9.982233 53.520944,9.982037 53.520762,9.982041 53.520491,9.981967 53.520457,9.981962 53.520455,9.981704 53.520319,9.981698 53.520317,9.981511 53.520251,9.981383 53.520356,9.981387 53.520363,9.981322 53.520435,9.981294 53.520504,9.981164 53.520606,9.980900 53.520903,9.980874 53.521054,9.980880 53.521067,9.980878 53.521068,9.981180 53.521479,9.981659 53.521626,9.981706 53.521642,9.981744 53.521745,9.981804 53.521748,9.981791 53.521756,9.981926 53.522045,9.981962 53.522051,9.981974 53.522151,9.981976 53.522155,9.981968 53.522164,9.982009 53.522269,9.981945 53.522333,9.981107 53.522688,9.981391 53.523325,9.981541 53.523491,9.981157 53.523751,9.981150 53.523756,9.981101 53.523786,9.981153 53.524681,9.981197 53.524692,9.981686 53.525093,9.981679 53.525103,9.981543 53.525440,9.981532 53.525449,9.981391 53.525527,9.980944 53.526001,9.980903 53.526018,9.980312 53.526229,9.980309 53.526306,9.980457 53.526405,9.981093 53.526326,9.981225 53.526306,9.981243 53.526304,9.981451 53.526147,9.982396 53.525816,9.982408 53.525807,9.982474 53.525727,9.982861 53.525466,9.982945 53.525365,9.982953 53.525356,9.982969 53.525338,9.983114 53.525164,9.983645 53.524771,9.983728 53.524675,9.983737 53.524669,9.984099 53.524482,9.984286 53.524421,9.984342 53.524402,9.984356 53.524397,9.984568 53.524309,9.984941 53.524092,9.986707 53.523507,9.986913 53.523476,9.987126 53.523444,9.987288 53.523315,9.986988 53.523298,9.986828 53.523289,9.986793 53.523288,9.985294 53.523209,9.985015 53.522320,9.985157 53.522165,9.985326 53.521979,9.985335 53.521974,9.985538 53.521750,9.985621 53.521701,9.985838 53.521444,9.985941 53.521384),(9.982497 53.521297,9.982498 53.521296,9.982481 53.521306,9.982480 53.521305,9.982480 53.521305,9.982478 53.521301,9.982478 53.521301,9.982485 53.521300,9.982489 53.521299,9.982497 53.521297)))",EPSG:4326
Rüschpark (Schiff),de:02000:51981::519811,3,"62,64","MULTIPOLYGON (((9.859248 53.542485,9.859519 53.542445,9.860218 53.542453,9.860646 53.542289,9.861319 53.542155,9.861735 53.542021,9.862130 53.541951,9.862142 53.541949,9.862416 53.541939,9.862684 53.542073,9.863553 53.542176,9.864179 53.541977,9.864509 53.541797,9.864518 53.541796,9.864565 53.541790,9.864637 53.541773,9.864683 53.541767,9.865312 53.541464,9.865343 53.541411,9.865358 53.541374,9.865363 53.541367,9.865416 53.541322,9.865422 53.541316,9.865453 53.541287,9.865605 53.541153,9.865828 53.540835,9.865990 53.540692,9.865998 53.540685,9.866041 53.540644,9.866676 53.539601,9.866954 53.539340,9.867155 53.539138,9.867171 53.539122,9.867414 53.538386,9.866498 53.538797,9.866110 53.539042,9.866107 53.539043,9.864882 53.539441,9.864867 53.539454,9.864708 53.539772,9.864647 53.539769,9.864522 53.539710,9.864430 53.539668,9.864132 53.539480,9.864131 53.539479,9.863881 53.539417,9.863803 53.539398,9.863757 53.539298,9.863920 53.539211,9.863956 53.539180,9.864001 53.539185,9.864008 53.539187,9.864086 53.539199,9.864096 53.539202,9.864237 53.539309,9.864242 53.539324,9.864250 53.539343,9.864255 53.539354,9.864289 53.539349,9.864401 53.539328,9.864412 53.539317,9.864617 53.539290,9.864615 53.539286,9.864628 53.539284,9.864585 53.539198,9.864561 53.539144,9.864534 53.539112,9.864520 53.539057,9.864455 53.538917,9.864424 53.538853,9.864345 53.538702,9.864335 53.538681,9.864290 53.538574,9.864271 53.538531,9.864261 53.538505,9.864191 53.538445,9.863889 53.538188,9.863830 53.538200,9.863031 53.538533,9.862611 53.538672,9.862088 53.538815,9.860717 53.538635,9.860442 53.538697,9.860617 53.539044,9.860614 53.539053,9.859798 53.539651,9.859756 53.539661,9.859748 53.539664,9.859747 53.539669,9.859497 53.539748,9.859518 53.539846,9.859511 53.539850,9.859382 53.539877,9.858470 53.540472,9.857774 53.541142,9.857694 53.541224,9.857700 53.541235,9.857698 53.541400,9.857690 53.541406,9.857264 53.541659,9.857231 53.541681,9.857187 53.541730,9.857179 53.541731,9.857140 53.541774,9.856955 53.542129,9.856991 53.542347,9.857084 53.542383,9.857265 53.542363,9.857561 53.542334,9.857576 53.542331,9.857600 53.542325,9.857609 53.542323,9.857909 53.542168,9.857917 53.542166,9.857944 53.542161,9.858060 53.542172,9.858928 53.542457,9.859248 53.542485),(9.861944 53.540685,9.861936 53.540591,9.862060 53.540650,9.862114 53.540669,9.861993 53.540699,9.861984 53.540705,9.861973 53.540713,9.861931 53.540706,9.861944 53.540685),(9.863007 53.540618,9.863179 53.540521,9.863357 53.540418,9.863313 53.540389,9.863321 53.540362,9.863416 53.540263,9.863459 53.540346,9.863462 53.540362,9.863468 53.540379,9.863471 53.540396,9.863477 53.540413,9.863537 53.540545,9.863546 53.540583,9.863486 53.540598,9.863459 53.540602,9.863407 53.540605,9.863371 53.540590,9.863007 53.540618)))",EPSG:4326
Sperrwerk Neuenfelde (Schiff),de:02000:51982,0,HBEL,"MULTIPOLYGON (((9.790323 53.537037,9.791852 53.536426,9.791569 53.535831,9.791572 53.535830,9.791656 53.535808,9.791659 53.535805,9.791739 53.535725,9.792163 53.535022,9.792174 53.535001,9.792182 53.534999,9.792191 53.534994,9.792214 53.534990,9.792430 53.534948,9.792437 53.534945,9.792482 53.534898,9.792858 53.534647,9.793029 53.534560,9.793045 53.534553,9.793054 53.534550,9.793634 53.534410,9.793990 53.534368,9.794026 53.534352,9.794037 53.534347,9.794298 53.534156,9.794267 53.534053,9.794193 53.533800,9.794190 53.533794,9.794095 53.533774,9.793917 53.533734,9.793898 53.533726,9.793777 53.533705,9.793630 53.533674,9.793619 53.533678,9.793579 53.533805,9.792509 53.534116,9.792491 53.534124,9.791762 53.534278,9.791618 53.534341,9.791603 53.534347,9.791399 53.534413,9.790752 53.534518,9.790489 53.534603,9.790475 53.534607,9.789923 53.534597,9.789870 53.534580,9.789635 53.534548,9.789159 53.534544,9.789096 53.534528,9.788658 53.534378,9.788603 53.534328,9.788358 53.534196,9.788309 53.534151,9.788204 53.534079,9.788191 53.534071,9.788128 53.534036,9.787820 53.533944,9.787767 53.533915,9.787622 53.533861,9.787485 53.533827,9.786657 53.533786,9.786592 53.533769,9.786510 53.533758,9.786490 53.533757,9.786231 53.533807,9.786219 53.533807,9.786198 53.533807,9.786139 53.533809,9.785856 53.533907,9.785690 53.534511,9.785696 53.534560,9.785243 53.535644,9.785018 53.535943,9.785009 53.535948,9.784978 53.536034,9.784974 53.536036,9.784862 53.536301,9.784495 53.536680,9.784481 53.536699,9.784502 53.536711,9.784346 53.536834,9.784328 53.536943,9.784312 53.537021,9.784658 53.537049,9.784698 53.537054,9.784728 53.537057,9.785747 53.537007,9.786038 53.536912,9.786286 53.536828,9.787286 53.536681,9.787378 53.536661,9.787675 53.536640,9.787776 53.536618,9.787795 53.536613,9.788623 53.536550,9.788891 53.536866,9.790055 53.537057,9.790100 53.537059,9.790160 53.537069,9.790205 53.537071,9.790323 53.537037)))",EPSG:4326
Cranz (Schiff),de:02000:51983::519311,204,HBEL,"MULTIPOLYGON (((9.782156 53.538088,9.782390 53.537906,9.782386 53.537902,9.782425 53.537826,9.782477 53.537689,9.782475 53.537688,9.782473 53.537686,9.782533 53.537559,9.782563 53.537490,9.782594 53.537429,9.782737 53.537188,9.783174 53.535989,9.783189 53.535943,9.783218 53.535887,9.783194 53.535858,9.783195 53.535857,9.783157 53.535769,9.783160 53.535692,9.783164 53.535691,9.783184 53.535560,9.783087 53.534841,9.783179 53.534533,9.783269 53.534300,9.783263 53.534296,9.782955 53.534304,9.782925 53.534313,9.782907 53.534319,9.782895 53.534324,9.782877 53.534332,9.782348 53.534414,9.782334 53.534418,9.781804 53.534403,9.781712 53.534418,9.781692 53.534422,9.781605 53.534441,9.781511 53.534467,9.781003 53.534509,9.780385 53.534184,9.779567 53.534070,9.779560 53.534071,9.779553 53.534069,9.779546 53.534069,9.779535 53.534069,9.779515 53.534070,9.779495 53.534070,9.779470 53.534074,9.779450 53.534074,9.778682 53.534185,9.778676 53.534188,9.778624 53.534312,9.778477 53.534367,9.778448 53.534376,9.777430 53.534305,9.776932 53.534051,9.776333 53.533142,9.776229 53.533121,9.776053 53.533105,9.775640 53.533063,9.775175 53.533042,9.775146 53.533018,9.775114 53.533025,9.775065 53.533030,9.775015 53.533051,9.774961 53.533080,9.774947 53.533168,9.774970 53.533185,9.774807 53.533396,9.774775 53.533553,9.774782 53.533564,9.775175 53.533772,9.775222 53.534020,9.775261 53.534227,9.775353 53.534319,9.775364 53.534329,9.775428 53.534374,9.775599 53.534596,9.775675 53.534650,9.775688 53.534657,9.775790 53.534718,9.775896 53.534767,9.776153 53.534966,9.776275 53.535024,9.776528 53.535104,9.776946 53.535183,9.777832 53.535476,9.778211 53.535538,9.778223 53.535542,9.778365 53.535585,9.778376 53.535590,9.778554 53.535709,9.778563 53.535714,9.778682 53.535769,9.778689 53.535775,9.778770 53.536192,9.778514 53.536318,9.778206 53.536677,9.778449 53.536897,9.778462 53.536991,9.778276 53.537952,9.778265 53.537957,9.778259 53.537961,9.778198 53.538059,9.778207 53.538065,9.778417 53.538052,9.778421 53.538021,9.778422 53.538012,9.778735 53.537963,9.780101 53.538148,9.780415 53.537952,9.780427 53.538164,9.780559 53.538198,9.781070 53.538174,9.781779 53.538142,9.782152 53.538089,9.782156 53.538088)))",EPSG:4326
AIRBUS (Schiffsanleger),de:02000:51984::519312,0,"62,68","MULTIPOLYGON (((9.837851 53.545491,9.838125 53.545454,9.838903 53.545454,9.839246 53.545407,9.839952 53.545468,9.841200 53.545348,9.841994 53.545071,9.842378 53.544767,9.842423 53.544761,9.842519 53.544734,9.842563 53.544728,9.842579 53.544726,9.842650 53.544716,9.843388 53.544501,9.844269 53.544379,9.844986 53.544111,9.845198 53.544082,9.845863 53.543783,9.845787 53.543755,9.844877 53.543425,9.844778 53.543395,9.844360 53.543171,9.844351 53.543156,9.844349 53.543157,9.844348 53.543155,9.844326 53.543161,9.843928 53.543085,9.843916 53.543085,9.843784 53.543159,9.843755 53.543181,9.843358 53.543188,9.843066 53.543246,9.842655 53.543207,9.842652 53.543198,9.842606 53.543132,9.842602 53.543122,9.842521 53.543075,9.842370 53.542795,9.842384 53.542766,9.842386 53.542762,9.842389 53.542749,9.842435 53.542618,9.842492 53.542501,9.842560 53.542363,9.842559 53.542358,9.842572 53.542343,9.842577 53.542342,9.842577 53.542342,9.842578 53.542342,9.842742 53.542320,9.842734 53.542270,9.842732 53.542263,9.842731 53.542256,9.842724 53.542205,9.842704 53.542207,9.842663 53.542208,9.842656 53.542209,9.842622 53.542182,9.842604 53.542162,9.842602 53.542159,9.842603 53.542157,9.842594 53.542145,9.842593 53.542143,9.842550 53.541993,9.842556 53.541906,9.842558 53.541873,9.842563 53.541845,9.842486 53.541858,9.841964 53.541947,9.841739 53.541995,9.841722 53.541998,9.841417 53.542114,9.841189 53.542038,9.839672 53.542333,9.839511 53.542389,9.839301 53.542464,9.839186 53.542495,9.839128 53.542468,9.839141 53.542461,9.839121 53.542447,9.839096 53.542451,9.839023 53.542454,9.838975 53.542486,9.838976 53.542487,9.838412 53.542753,9.838391 53.542790,9.837664 53.543376,9.837065 53.543363,9.837057 53.543364,9.836984 53.543338,9.836976 53.543339,9.836939 53.543372,9.836543 53.543798,9.836541 53.543800,9.836472 53.543859,9.836468 53.543857,9.836456 53.543850,9.836452 53.543853,9.836273 53.543977,9.836105 53.544134,9.835821 53.544450,9.835802 53.544453,9.835662 53.544623,9.836095 53.544769,9.836103 53.544772,9.836108 53.544767,9.836284 53.544831,9.836464 53.544895,9.836473 53.544900,9.836496 53.544908,9.836122 53.545075,9.836110 53.545051,9.835682 53.545240,9.834981 53.545518,9.835684 53.545617,9.835995 53.545562,9.836327 53.545509,9.837803 53.545498,9.837834 53.545494,9.837851 53.545491),(9.837602 53.544758,9.837600 53.544757,9.837590 53.544756,9.837569 53.544740,9.837299 53.544760,9.837391 53.544658,9.837589 53.544663,9.837606 53.544668,9.837610 53.544668,9.837688 53.544704,9.837705 53.544710,9.837602 53.544758)))",EPSG:4326
Köhlbrandhöft (nur Angehörige),de:02000:52979::529791,0,61,"MULTIPOLYGON (((9.936459 53.540505,9.937128 53.540440,9.937505 53.540444,9.938160 53.540270,9.938209 53.540208,9.938379 53.540033,9.938391 53.540027,9.938477 53.539996,9.938645 53.539900,9.938726 53.539871,9.938928 53.539761,9.939203 53.539557,9.939740 53.538826,9.939889 53.538716,9.939914 53.538696,9.940005 53.538619,9.940303 53.537939,9.940285 53.537933,9.939879 53.537797,9.939869 53.537732,9.939847 53.537635,9.939802 53.537431,9.939706 53.537154,9.939730 53.537151,9.939733 53.537148,9.939700 53.537056,9.939677 53.537047,9.939675 53.537046,9.939505 53.536605,9.939341 53.536281,9.938632 53.536640,9.938577 53.536705,9.938564 53.536717,9.937744 53.537089,9.937381 53.537408,9.937042 53.537710,9.936334 53.538120,9.936325 53.538127,9.936206 53.538211,9.935933 53.538340,9.935804 53.538431,9.935793 53.538438,9.935784 53.538444,9.935690 53.538526,9.935456 53.538637,9.935294 53.538668,9.935187 53.538701,9.935177 53.538705,9.934953 53.538795,9.934774 53.538889,9.934503 53.538991,9.934314 53.539091,9.933963 53.539555,9.933964 53.539575,9.933958 53.539599,9.933959 53.539619,9.933959 53.539632,9.933960 53.539638,9.933960 53.539652,9.933964 53.539668,9.933964 53.539681,9.934460 53.540188,9.934565 53.540225,9.934706 53.540260,9.934808 53.540297,9.935283 53.540380,9.935575 53.540411,9.936028 53.540501,9.936459 53.540505)))",EPSG:4326
Bubendey-Ufer,de:02000:52980::529304,0,"62,68","MULTIPOLYGON (((9.886096 53.540483,9.886488 53.540290,9.886807 53.540252,9.887173 53.540246,9.887541 53.540240,9.887858 53.540195,9.887898 53.540195,9.888225 53.540149,9.888782 53.540141,9.889108 53.540088,9.889500 53.540025,9.889935 53.540018,9.890327 53.539943,9.890357 53.539942,9.890745 53.539866,9.891030 53.539862,9.891393 53.539770,9.891953 53.539628,9.891475 53.539614,9.890838 53.539586,9.890757 53.539583,9.890723 53.539582,9.890643 53.539580,9.890208 53.539463,9.889622 53.539304,9.888645 53.539327,9.887810 53.539221,9.887275 53.539154,9.886979 53.539139,9.886391 53.539068,9.886014 53.539023,9.885659 53.538877,9.885459 53.538483,9.884989 53.538335,9.884987 53.538325,9.884872 53.537970,9.884669 53.537822,9.884655 53.537796,9.884671 53.537764,9.884581 53.537379,9.884548 53.537305,9.884509 53.537217,9.884509 53.537214,9.884396 53.536647,9.884403 53.536608,9.884413 53.536551,9.884334 53.536313,9.884338 53.536296,9.884347 53.536267,9.884347 53.536267,9.884328 53.536276,9.884265 53.536303,9.883992 53.536510,9.883987 53.536536,9.883981 53.536539,9.883590 53.536833,9.883535 53.537023,9.883990 53.537507,9.883868 53.537952,9.883855 53.538145,9.883709 53.538561,9.883664 53.538676,9.883669 53.538969,9.883621 53.539022,9.883617 53.539033,9.883551 53.539109,9.882892 53.539300,9.882880 53.539303,9.882258 53.539381,9.880608 53.539720,9.880442 53.539729,9.880326 53.539655,9.880060 53.539608,9.880035 53.539597,9.879824 53.539564,9.879775 53.539567,9.879347 53.539691,9.879324 53.539693,9.879297 53.539694,9.879293 53.539695,9.879266 53.539696,9.878942 53.539804,9.878998 53.539824,9.878999 53.539833,9.878834 53.539961,9.878834 53.540018,9.878886 53.540077,9.878951 53.540129,9.878961 53.540129,9.879346 53.540199,9.879375 53.540197,9.879400 53.540195,9.879412 53.540195,9.879470 53.540191,9.880153 53.540282,9.880268 53.540275,9.880289 53.540273,9.880321 53.540271,9.880700 53.540244,9.882431 53.540373,9.882877 53.540343,9.883135 53.540324,9.883150 53.540324,9.883161 53.540323,9.883198 53.540323,9.883345 53.540320,9.883702 53.540355,9.883912 53.540351,9.883969 53.540350,9.883982 53.540349,9.884264 53.540372,9.884492 53.540529,9.885365 53.540713,9.886096 53.540483)))",EPSG:4326
Waltershof,de:02000:52981,0,61,"MULTIPOLYGON (((9.937627 53.526391,9.938189 53.525626,9.937706 53.524976,9.937407 53.524860,9.937361 53.524821,9.937196 53.524422,9.937178 53.524205,9.936564 53.523758,9.936215 53.523701,9.935393 53.523680,9.935182 53.523513,9.934872 53.523309,9.934758 53.523117,9.934623 53.522888,9.934645 53.522880,9.934749 53.522708,9.934434 53.522549,9.934426 53.522556,9.934377 53.522589,9.934417 53.522855,9.934424 53.522900,9.934423 53.523089,9.934424 53.523095,9.934424 53.523154,9.934424 53.523293,9.934424 53.523302,9.934425 53.523346,9.934425 53.523355,9.934426 53.523364,9.934425 53.523492,9.934423 53.523571,9.934424 53.523583,9.934424 53.523589,9.934424 53.523600,9.934424 53.523606,9.934424 53.523618,9.934425 53.523624,9.934439 53.523768,9.934428 53.523991,9.934428 53.524007,9.934438 53.524075,9.934418 53.524085,9.934406 53.524078,9.934064 53.524293,9.933779 53.524399,9.933690 53.524700,9.932883 53.525262,9.932572 53.525337,9.932189 53.525428,9.931777 53.525527,9.931753 53.525534,9.931653 53.525587,9.931628 53.525600,9.931625 53.525603,9.931630 53.525606,9.931813 53.525723,9.932092 53.525957,9.932315 53.526064,9.932373 53.526141,9.932621 53.526260,9.933566 53.526040,9.934443 53.526275,9.934457 53.526280,9.934527 53.526261,9.935141 53.526687,9.935149 53.526693,9.935312 53.526827,9.935395 53.527051,9.935382 53.527144,9.935537 53.527797,9.935547 53.527819,9.935709 53.527838,9.935564 53.527926,9.935375 53.528031,9.935100 53.528264,9.935126 53.528267,9.935159 53.528332,9.935497 53.528660,9.935849 53.528956,9.935938 53.529007,9.935991 53.529040,9.936148 53.529137,9.936187 53.529195,9.936273 53.529322,9.936340 53.529421,9.936448 53.529291,9.936444 53.529227,9.936721 53.528713,9.936846 53.528481,9.936833 53.528176,9.936932 53.527926,9.936931 53.527903,9.937044 53.527612,9.937034 53.527370,9.937025 53.527131,9.937112 53.526841,9.937112 53.526825,9.937261 53.526600,9.937627 53.526391)))",EPSG:4326
Neumühlen (Schiff),de:02000:52982::529312,530,"62,68","MULTIPOLYGON (((9.914105 53.547256,9.914152 53.547160,9.914153 53.547159,9.914297 53.546866,9.914542 53.546813,9.915172 53.546641,9.915869 53.546365,9.916194 53.546335,9.916210 53.546334,9.916249 53.546304,9.916265 53.546302,9.916497 53.546359,9.916511 53.546358,9.917196 53.546245,9.917206 53.546247,9.917216 53.546241,9.917226 53.546233,9.917225 53.546225,9.917423 53.546081,9.917431 53.546080,9.917439 53.546080,9.917650 53.545925,9.917569 53.545854,9.917569 53.545853,9.917414 53.545856,9.917404 53.545856,9.917387 53.545861,9.917366 53.545872,9.917233 53.545839,9.917219 53.545838,9.917203 53.545837,9.917147 53.545814,9.916894 53.545801,9.916879 53.545807,9.916838 53.545818,9.916740 53.545770,9.916739 53.545739,9.916718 53.545729,9.916626 53.545663,9.916687 53.545631,9.916646 53.545597,9.916751 53.545490,9.916760 53.545483,9.917016 53.545422,9.917166 53.545385,9.917183 53.545375,9.917255 53.545357,9.917438 53.545343,9.917609 53.545352,9.917618 53.545357,9.917626 53.545372,9.917642 53.545369,9.917889 53.545278,9.917913 53.545282,9.918007 53.545280,9.918010 53.545280,9.918075 53.545253,9.918371 53.545239,9.918465 53.545229,9.918479 53.545217,9.918488 53.545205,9.918660 53.545125,9.918679 53.545126,9.918780 53.545079,9.918816 53.545122,9.918829 53.545123,9.918864 53.545175,9.919070 53.545156,9.919252 53.545074,9.919276 53.545072,9.919298 53.545105,9.919319 53.545103,9.919523 53.545023,9.919700 53.544940,9.919848 53.544760,9.919894 53.544723,9.920068 53.544403,9.920079 53.544389,9.920085 53.544387,9.920107 53.544377,9.920109 53.544377,9.920129 53.544373,9.920133 53.544372,9.920421 53.544309,9.920281 53.544285,9.920263 53.544285,9.920206 53.544269,9.920140 53.544192,9.920171 53.544172,9.920187 53.544150,9.920210 53.544110,9.920038 53.543823,9.920018 53.543823,9.919873 53.543721,9.919866 53.543714,9.919886 53.543707,9.919886 53.543703,9.919925 53.543683,9.919875 53.543635,9.919607 53.543484,9.919171 53.543537,9.919145 53.543537,9.918437 53.543400,9.918306 53.543402,9.918283 53.543402,9.918262 53.543402,9.918253 53.543402,9.918212 53.543413,9.918203 53.543413,9.918182 53.543413,9.918162 53.543414,9.917909 53.543419,9.916743 53.543260,9.916326 53.543267,9.915682 53.543028,9.914533 53.542912,9.913503 53.543495,9.913503 53.543498,9.913501 53.543501,9.913501 53.543504,9.913501 53.543511,9.913500 53.543523,9.913499 53.543544,9.913505 53.543568,9.913504 53.543589,9.913504 53.543595,9.913557 53.543813,9.912869 53.544079,9.912751 53.544079,9.912511 53.544514,9.912495 53.544518,9.912467 53.544534,9.912460 53.544543,9.912454 53.544724,9.911692 53.544683,9.911673 53.544643,9.911670 53.544617,9.911664 53.544589,9.911333 53.544535,9.911117 53.544562,9.910614 53.544605,9.910593 53.544603,9.909580 53.544692,9.909486 53.544737,9.909486 53.544742,9.910379 53.545004,9.910581 53.545128,9.910590 53.545128,9.910882 53.545231,9.910897 53.545231,9.910999 53.545274,9.911013 53.545274,9.911378 53.545500,9.911721 53.546103,9.911682 53.546124,9.911696 53.546133,9.911831 53.546220,9.911847 53.546207,9.912974 53.546754,9.912998 53.546758,9.913129 53.546845,9.913541 53.547035,9.913907 53.547177,9.914050 53.547168,9.914105 53.547256)))",EPSG:4326
Dockland (Fischereihafen),de:02000:80989::819891,23,"61,62,68","MULTIPOLYGON (((9.933692 53.545163,9.933799 53.545161,9.933822 53.545162,9.934017 53.545075,9.934328 53.545075,9.934561 53.545075,9.934692 53.545083,9.934699 53.545084,9.934940 53.545071,9.935400 53.545070,9.935680 53.545058,9.935832 53.545051,9.935847 53.545051,9.935867 53.545016,9.936007 53.545025,9.936035 53.545026,9.936220 53.545031,9.936357 53.545039,9.936374 53.545039,9.936425 53.545023,9.936540 53.545022,9.936954 53.544976,9.937134 53.544976,9.937238 53.544989,9.937483 53.544958,9.937494 53.544993,9.937743 53.544958,9.937883 53.544993,9.937896 53.544993,9.937934 53.544998,9.937947 53.544997,9.938014 53.544999,9.938151 53.544973,9.938276 53.544951,9.938532 53.544906,9.938792 53.544921,9.939034 53.544867,9.939054 53.544867,9.939328 53.544818,9.939543 53.544765,9.939819 53.544698,9.939977 53.544750,9.939984 53.544745,9.940052 53.544709,9.940061 53.544702,9.940196 53.544612,9.940211 53.544595,9.940250 53.544557,9.940291 53.544530,9.940354 53.544490,9.940486 53.544392,9.940767 53.544171,9.940915 53.544056,9.940938 53.544055,9.940998 53.544011,9.941108 53.543923,9.941046 53.543902,9.940916 53.543810,9.940865 53.543816,9.940867 53.543801,9.940865 53.543802,9.940860 53.543802,9.940827 53.543816,9.940826 53.543822,9.940812 53.543824,9.940811 53.543825,9.940800 53.543820,9.940797 53.543819,9.940796 53.543817,9.940668 53.543710,9.939989 53.543632,9.939939 53.543630,9.939602 53.543650,9.939580 53.543649,9.939303 53.543525,9.939159 53.543499,9.939137 53.543500,9.938964 53.543469,9.938943 53.543469,9.938911 53.543470,9.938755 53.543443,9.938720 53.543444,9.938700 53.543444,9.938687 53.543444,9.938651 53.543445,9.938499 53.543420,9.938460 53.543421,9.938447 53.543421,9.938427 53.543421,9.938389 53.543422,9.938245 53.543399,9.938204 53.543400,9.938189 53.543400,9.938170 53.543401,9.938130 53.543402,9.937996 53.543381,9.937954 53.543382,9.937936 53.543382,9.937920 53.543383,9.937876 53.543384,9.937742 53.543364,9.937725 53.543365,9.937600 53.543346,9.937224 53.543191,9.937066 53.543127,9.936947 53.543106,9.936933 53.542892,9.936079 53.542662,9.935914 53.542661,9.935706 53.542640,9.935536 53.542638,9.935525 53.542638,9.935477 53.542637,9.934974 53.542628,9.934323 53.542678,9.933869 53.542670,9.932914 53.543201,9.932619 53.544009,9.932597 53.544009,9.932447 53.544050,9.932424 53.544049,9.932064 53.544067,9.931240 53.544280,9.931765 53.544655,9.931792 53.544655,9.931809 53.544663,9.931842 53.544684,9.932001 53.544769,9.931994 53.544774,9.932064 53.544816,9.932065 53.544821,9.932103 53.544913,9.932142 53.544888,9.932145 53.544899,9.932095 53.544946,9.932079 53.544954,9.932087 53.544953,9.932210 53.544971,9.932213 53.544972,9.932420 53.545069,9.932581 53.545184,9.932661 53.545225,9.932675 53.545234,9.932896 53.545341,9.932928 53.545328,9.933031 53.545259,9.933049 53.545222,9.933679 53.545164,9.933692 53.545163)))",EPSG:4326
Neuhof (Schiff),de:02000:53990,0,61,"MULTIPOLYGON (((9.943801 53.526861,9.943806 53.526859,9.943841 53.526860,9.943886 53.526810,9.943890 53.526809,9.943894 53.526809,9.944146 53.526532,9.944265 53.526364,9.944292 53.526358,9.944361 53.526314,9.944252 53.526276,9.944250 53.526285,9.944232 53.526275,9.944235 53.526291,9.944233 53.526290,9.944232 53.526291,9.944192 53.526298,9.944104 53.526280,9.943741 53.526397,9.943734 53.526399,9.943728 53.526400,9.943655 53.526423,9.943484 53.526442,9.943469 53.526440,9.943378 53.526406,9.943363 53.526406,9.943235 53.526376,9.943228 53.526371,9.943103 53.526267,9.943077 53.526074,9.943070 53.526065,9.942960 53.525899,9.942945 53.525828,9.942933 53.525771,9.943136 53.525494,9.943136 53.525492,9.943137 53.525477,9.943138 53.525442,9.943091 53.525273,9.943096 53.525271,9.943205 53.525231,9.943218 53.525211,9.943464 53.525053,9.943473 53.525040,9.944228 53.523978,9.944518 53.523673,9.944603 53.523579,9.944811 53.523286,9.944804 53.523261,9.944803 53.523259,9.944790 53.523234,9.944773 53.523236,9.944774 53.523206,9.944361 53.523217,9.944336 53.523223,9.943842 53.523206,9.943821 53.523211,9.943179 53.522725,9.943077 53.522476,9.943077 53.522466,9.943164 53.522329,9.942800 53.521637,9.943324 53.521399,9.943791 53.521191,9.943652 53.521125,9.943635 53.521117,9.943604 53.521098,9.943344 53.521018,9.943392 53.520945,9.943026 53.520796,9.942383 53.520555,9.942247 53.520487,9.942086 53.520619,9.942124 53.520696,9.941979 53.520769,9.941979 53.520779,9.941748 53.520986,9.941427 53.521035,9.941336 53.521096,9.941252 53.521187,9.941041 53.521419,9.940887 53.521502,9.940773 53.521584,9.940735 53.521609,9.941059 53.521650,9.941060 53.521654,9.941618 53.522537,9.941618 53.522547,9.941634 53.522666,9.941546 53.522947,9.941578 53.523056,9.941578 53.523065,9.941540 53.523165,9.941406 53.523272,9.941361 53.523366,9.941354 53.523373,9.941217 53.523450,9.940910 53.523552,9.940782 53.523541,9.940771 53.523541,9.940755 53.523539,9.940744 53.523539,9.940737 53.523540,9.939727 53.524138,9.940366 53.524732,9.940372 53.524734,9.940383 53.524734,9.940399 53.524732,9.940852 53.524909,9.940935 53.525085,9.940927 53.525161,9.940968 53.525318,9.940961 53.525388,9.941150 53.525705,9.941381 53.525890,9.941382 53.525895,9.941436 53.526021,9.941727 53.526371,9.941628 53.526790,9.941617 53.526805,9.941583 53.526849,9.941553 53.526907,9.941534 53.526968,9.941670 53.527445,9.941665 53.527462,9.941663 53.527478,9.941778 53.527643,9.942194 53.527594,9.942409 53.527580,9.942703 53.527555,9.942781 53.527553,9.942785 53.527553,9.942845 53.527551,9.942939 53.527548,9.942957 53.527548,9.942993 53.527543,9.943049 53.527535,9.943157 53.527430,9.943331 53.527266,9.943367 53.527224,9.943472 53.527131,9.943473 53.527130,9.943477 53.527127,9.943486 53.527117,9.943516 53.527088,9.943520 53.527078,9.943801 53.526861)))",EPSG:4326
Argentinienbrücke (Schiff),de:02000:53986::539341,6,73,"MULTIPOLYGON (((9.974294 53.529195,9.974437 53.528958,9.974961 53.528800,9.975198 53.528832,9.975411 53.528861,9.975957 53.528830,9.976175 53.528841,9.976297 53.528821,9.976388 53.528825,9.976507 53.528821,9.976597 53.528826,9.976608 53.528826,9.976788 53.528836,9.977036 53.528825,9.977209 53.528834,9.977224 53.528835,9.977278 53.528838,9.977513 53.528852,9.977665 53.528843,9.977831 53.528832,9.978775 53.528686,9.978653 53.528563,9.979057 53.528558,9.979118 53.528370,9.979293 53.528302,9.979362 53.528226,9.979547 53.528158,9.979562 53.528152,9.979870 53.528012,9.981256 53.528445,9.981246 53.528457,9.981237 53.528484,9.981383 53.528689,9.981388 53.528685,9.981449 53.528515,9.981719 53.528291,9.982032 53.527940,9.982141 53.527824,9.982372 53.527667,9.982418 53.527693,9.982629 53.527555,9.982646 53.527545,9.982888 53.527421,9.982926 53.527388,9.982965 53.527357,9.982871 53.527322,9.982799 53.527294,9.982542 53.527260,9.982506 53.527267,9.981066 53.526161,9.981068 53.526156,9.981058 53.526158,9.981057 53.526158,9.980094 53.526129,9.980028 53.526090,9.980004 53.526087,9.979927 53.526079,9.979361 53.525937,9.979251 53.525932,9.979068 53.525942,9.978778 53.525942,9.978642 53.525966,9.978507 53.525991,9.978220 53.525996,9.977922 53.526108,9.977721 53.526189,9.977610 53.526264,9.977500 53.526339,9.977304 53.526422,9.977132 53.526624,9.976701 53.526699,9.975621 53.526916,9.975163 53.526766,9.974848 53.526442,9.974639 53.526136,9.974678 53.526081,9.974951 53.525432,9.974858 53.525410,9.974865 53.525385,9.974498 53.525129,9.974496 53.525119,9.974508 53.525118,9.974390 53.525040,9.974082 53.524872,9.973778 53.524839,9.973761 53.524837,9.973757 53.524838,9.973588 53.524788,9.973505 53.524752,9.973447 53.524813,9.973394 53.524846,9.973275 53.524936,9.973197 53.524907,9.973110 53.524865,9.973080 53.524884,9.972937 53.524911,9.972819 53.524916,9.972745 53.524954,9.972738 53.524975,9.972718 53.525080,9.972686 53.525112,9.972689 53.525128,9.972664 53.525175,9.972527 53.525345,9.972525 53.525362,9.972525 53.525390,9.972525 53.525405,9.972528 53.525420,9.972457 53.525571,9.972460 53.525591,9.972462 53.525605,9.972464 53.525618,9.972468 53.525639,9.972414 53.525788,9.972420 53.525814,9.972424 53.525831,9.972427 53.525844,9.972433 53.525867,9.972400 53.525995,9.972407 53.526021,9.972424 53.526067,9.972429 53.526079,9.972442 53.526104,9.972440 53.526223,9.972454 53.526251,9.972461 53.526262,9.972488 53.526309,9.972521 53.526460,9.972529 53.526469,9.972560 53.526531,9.972184 53.526993,9.972128 53.527058,9.972004 53.527119,9.971988 53.527123,9.971958 53.527127,9.971618 53.527267,9.971115 53.527335,9.970100 53.527276,9.969965 53.527245,9.969811 53.527206,9.969275 53.527229,9.969345 53.527282,9.969420 53.527344,9.969465 53.527485,9.969755 53.527530,9.969799 53.527541,9.970513 53.527913,9.970781 53.528643,9.970560 53.528853,9.970276 53.529124,9.970230 53.529147,9.970188 53.529173,9.970142 53.529205,9.969904 53.529637,9.969900 53.529640,9.969884 53.529655,9.969882 53.529655,9.969876 53.529703,9.969880 53.529701,9.969895 53.529714,9.969904 53.529704,9.969943 53.529737,9.970567 53.529485,9.970608 53.529463,9.971128 53.529332,9.971593 53.529214,9.972484 53.529277,9.972637 53.529327,9.973075 53.530536,9.973076 53.530615,9.973051 53.530753,9.973233 53.530974,9.973321 53.530926,9.973497 53.530638,9.973513 53.530504,9.974294 53.529195)))",EPSG:4326
Steinwerder (Schiff),de:02000:53988::539346,13,75,"MULTIPOLYGON (((9.967503 53.540504,9.967120 53.540021,9.967093 53.539979,9.967088 53.539973,9.967080 53.539966,9.967074 53.539960,9.967043 53.539933,9.966660 53.539450,9.966468 53.539379,9.966403 53.539312,9.966244 53.539146,9.966314 53.539121,9.966292 53.539079,9.966194 53.538982,9.966228 53.538897,9.966191 53.538798,9.966150 53.538688,9.966172 53.538523,9.966294 53.538470,9.966486 53.538268,9.966736 53.538125,9.967458 53.538052,9.967600 53.537923,9.967728 53.537873,9.967857 53.537787,9.967858 53.537776,9.967970 53.537656,9.968187 53.537524,9.968189 53.537510,9.968263 53.537404,9.968380 53.537376,9.968382 53.537376,9.968309 53.537305,9.968302 53.537294,9.968327 53.537232,9.968328 53.537222,9.968338 53.537077,9.968229 53.537081,9.968229 53.537092,9.968226 53.537092,9.968211 53.537097,9.968210 53.537101,9.968138 53.537105,9.968135 53.537094,9.967964 53.537117,9.967954 53.537117,9.967939 53.537124,9.967769 53.537125,9.967407 53.537289,9.967397 53.537292,9.967097 53.537358,9.966799 53.537492,9.966485 53.537577,9.966473 53.537581,9.966230 53.537647,9.965727 53.537798,9.965582 53.537864,9.965163 53.537912,9.965140 53.537919,9.965118 53.537946,9.964705 53.538075,9.964213 53.538025,9.963824 53.538279,9.961666 53.538263,9.961652 53.538249,9.961607 53.538206,9.961328 53.538110,9.961323 53.538118,9.961154 53.538359,9.960705 53.539180,9.960215 53.540022,9.961714 53.540176,9.962134 53.540557,9.962533 53.540659,9.962626 53.540663,9.963387 53.540526,9.963415 53.540527,9.963916 53.541054,9.963970 53.541088,9.964067 53.541404,9.964130 53.541478,9.964381 53.541638,9.964421 53.541650,9.964537 53.541715,9.964579 53.541728,9.964596 53.541731,9.965167 53.542058,9.965472 53.542232,9.965480 53.542238,9.965852 53.542510,9.965980 53.542779,9.965979 53.542836,9.965979 53.542843,9.965978 53.542942,9.966294 53.543502,9.966294 53.543536,9.966294 53.543540,9.966461 53.543796,9.966614 53.543795,9.966672 53.543795,9.966767 53.543649,9.966767 53.543647,9.966766 53.543623,9.967124 53.542964,9.967448 53.542669,9.967802 53.542650,9.967903 53.542574,9.967981 53.542561,9.968101 53.541994,9.968018 53.541944,9.967898 53.541741,9.967889 53.541732,9.967815 53.541695,9.967606 53.541258,9.967402 53.541002,9.967397 53.540993,9.967397 53.540792,9.967396 53.540615,9.967503 53.540504)))",EPSG:4326
Arningstraße (Schiff),de:02000:53989::539344,0,72,"MULTIPOLYGON (((9.982190 53.534250,9.982006 53.534055,9.981921 53.534253,9.981908 53.534261,9.981600 53.534333,9.981296 53.534565,9.981025 53.535009,9.980999 53.535089,9.981014 53.535126,9.981068 53.535144,9.981962 53.535566,9.982003 53.535735,9.982021 53.535811,9.982053 53.535856,9.982071 53.535930,9.982074 53.535933,9.982092 53.536003,9.982126 53.536052,9.982144 53.536119,9.982161 53.536182,9.982177 53.536242,9.982192 53.536297,9.982154 53.536524,9.981217 53.536928,9.980946 53.537002,9.980915 53.537009,9.980898 53.537013,9.980814 53.537034,9.980546 53.537163,9.980475 53.537180,9.980208 53.537573,9.980551 53.537752,9.981085 53.537921,9.981111 53.537936,9.981247 53.537973,9.981286 53.538008,9.981624 53.538240,9.981634 53.538253,9.981635 53.538259,9.981642 53.538284,9.981645 53.538288,9.982020 53.538370,9.982199 53.538320,9.983866 53.538166,9.984318 53.538041,9.984349 53.538030,9.984365 53.538027,9.984443 53.538012,9.984656 53.538002,9.984739 53.537986,9.985199 53.537750,9.985212 53.537734,9.985254 53.537701,9.985267 53.537684,9.985717 53.537586,9.985733 53.537580,9.985744 53.537578,9.985751 53.537575,9.986245 53.536827,9.985729 53.536635,9.984301 53.535952,9.983651 53.535905,9.983607 53.535865,9.983561 53.535824,9.983500 53.535771,9.983436 53.535714,9.983433 53.535708,9.983311 53.535600,9.983260 53.535520,9.983209 53.535439,9.983082 53.535332,9.983077 53.535325,9.982907 53.535182,9.982859 53.535105,9.982818 53.535048,9.982635 53.534904,9.982628 53.534892,9.982541 53.534815,9.982537 53.534801,9.982534 53.534788,9.982527 53.534739,9.982200 53.534339,9.982196 53.534314,9.982194 53.534298,9.982190 53.534250)))",EPSG:4326
Theater im Hafen,de:02000:53992::539366,0,73,"MULTIPOLYGON (((9.975995 53.540498,9.975895 53.540323,9.976337 53.539656,9.976422 53.539634,9.976874 53.539348,9.977060 53.539011,9.977063 53.539007,9.976830 53.538510,9.976682 53.538336,9.976114 53.538104,9.975356 53.537953,9.975341 53.537957,9.974046 53.537683,9.973118 53.537494,9.973112 53.537488,9.972414 53.537272,9.972409 53.537274,9.971959 53.537869,9.971968 53.537871,9.971841 53.538103,9.971723 53.538311,9.971714 53.538317,9.971552 53.538627,9.971534 53.538631,9.971322 53.538913,9.971318 53.538975,9.971327 53.538977,9.971631 53.539071,9.971691 53.539083,9.971703 53.539085,9.972200 53.539183,9.972218 53.539177,9.972808 53.539800,9.972823 53.539854,9.972827 53.539860,9.972832 53.539866,9.972559 53.540071,9.972745 53.540293,9.972708 53.540304,9.972788 53.540404,9.972861 53.540497,9.972906 53.540486,9.972981 53.540558,9.972878 53.540604,9.972853 53.540613,9.973199 53.541164,9.973467 53.541273,9.974556 53.541299,9.974623 53.541292,9.974647 53.541286,9.974679 53.541281,9.974704 53.541274,9.975995 53.540498)))",EPSG:4326
Landungsbrücken Brücke 1,de:02000:80984::809311,571,"62,72,73","MULTIPOLYGON (((9.971357 53.547825,9.971422 53.547780,9.971745 53.547597,9.971904 53.547499,9.971905 53.547498,9.971919 53.547494,9.971949 53.547496,9.971958 53.547501,9.971957 53.547501,9.971958 53.547502,9.972058 53.547630,9.972166 53.547640,9.972244 53.547578,9.972255 53.547571,9.972361 53.547529,9.972638 53.547413,9.972643 53.547412,9.972663 53.547368,9.972688 53.547329,9.972681 53.547182,9.972676 53.547175,9.972682 53.547164,9.972680 53.547158,9.973025 53.546993,9.972931 53.546965,9.972933 53.546949,9.973047 53.546961,9.973139 53.546911,9.973181 53.546791,9.973552 53.546622,9.973573 53.546605,9.973584 53.546602,9.973699 53.546592,9.973814 53.546511,9.974784 53.546414,9.974713 53.546327,9.974855 53.546244,9.975009 53.546191,9.975013 53.546196,9.975019 53.546193,9.975589 53.545999,9.975516 53.545922,9.975447 53.545860,9.975439 53.545852,9.975175 53.545607,9.974974 53.545418,9.974971 53.545214,9.974970 53.545197,9.975043 53.545120,9.975106 53.545081,9.975106 53.545069,9.975240 53.544935,9.975248 53.544927,9.975342 53.544816,9.975433 53.544729,9.975322 53.544717,9.975241 53.544709,9.975344 53.544627,9.975401 53.544582,9.975455 53.544545,9.975279 53.544559,9.974334 53.544635,9.973575 53.544412,9.973163 53.544096,9.971382 53.544179,9.971165 53.544209,9.971088 53.544228,9.970990 53.544267,9.970782 53.544357,9.970626 53.544374,9.970497 53.544466,9.970228 53.544512,9.970129 53.544558,9.970014 53.544577,9.969806 53.544618,9.969792 53.544618,9.969761 53.544626,9.969496 53.544665,9.969456 53.544672,9.969266 53.544749,9.968964 53.544767,9.968930 53.544764,9.968746 53.544740,9.968675 53.544743,9.968489 53.544783,9.968423 53.544786,9.968405 53.544787,9.968387 53.544788,9.968177 53.544833,9.968159 53.544834,9.966779 53.544613,9.966686 53.544674,9.966572 53.544748,9.966476 53.544812,9.966012 53.545115,9.965719 53.545306,9.965693 53.545328,9.965645 53.545369,9.965670 53.545384,9.965729 53.545420,9.965874 53.545528,9.965885 53.545527,9.966017 53.545617,9.966195 53.545685,9.966161 53.545710,9.966253 53.545807,9.966266 53.545816,9.966282 53.545813,9.966286 53.545814,9.966336 53.545831,9.966413 53.545863,9.966424 53.545865,9.966445 53.545874,9.966463 53.545888,9.966469 53.545889,9.966494 53.545881,9.966506 53.545885,9.966534 53.545897,9.966542 53.545901,9.966527 53.545906,9.966564 53.545920,9.966589 53.545931,9.966625 53.545948,9.966667 53.545965,9.966667 53.545975,9.966667 53.545983,9.966701 53.545995,9.966771 53.546003,9.966771 53.546014,9.966731 53.546038,9.966728 53.546039,9.966707 53.546056,9.966700 53.546053,9.966676 53.546064,9.966643 53.546079,9.966639 53.546081,9.966650 53.546087,9.966648 53.546095,9.966609 53.546138,9.966613 53.546210,9.966618 53.546278,9.966901 53.546354,9.967265 53.546477,9.967265 53.546477,9.967266 53.546477,9.967266 53.546478,9.967266 53.546478,9.967269 53.546479,9.967272 53.546479,9.967322 53.546508,9.967322 53.546509,9.968110 53.546959,9.968113 53.546956,9.968274 53.547048,9.968273 53.547062,9.968325 53.547082,9.968324 53.547095,9.968324 53.547100,9.968523 53.547219,9.968658 53.547314,9.968686 53.547332,9.968806 53.547384,9.968826 53.547385,9.968884 53.547362,9.968910 53.547357,9.968944 53.547339,9.968931 53.547331,9.968935 53.547330,9.968939 53.547324,9.968968 53.547326,9.968968 53.547326,9.968972 53.547316,9.969104 53.547165,9.969803 53.546953,9.969848 53.546940,9.969853 53.546937,9.969857 53.546942,9.969857 53.546942,9.970309 53.547115,9.970572 53.547197,9.970582 53.547205,9.970584 53.547230,9.970633 53.547407,9.970669 53.547443,9.970661 53.547447,9.970699 53.547479,9.970726 53.547481,9.971083 53.547737,9.971086 53.547740,9.971088 53.547741,9.971158 53.547817,9.971241 53.547820,9.971315 53.547801,9.971324 53.547803,9.971357 53.547825),(9.971419 53.546677,9.971409 53.546664,9.971432 53.546671,9.971916 53.546682,9.971941 53.546682,9.971973 53.546684,9.971983 53.546731,9.971984 53.546743,9.971973 53.546752,9.971906 53.546761,9.971834 53.546772,9.971705 53.546815,9.971731 53.546835,9.971741 53.546844,9.971764 53.546862,9.971765 53.546865,9.971763 53.546894,9.971734 53.546864,9.971712 53.546852,9.971696 53.546838,9.971577 53.546792,9.971557 53.546781,9.971444 53.546696,9.971444 53.546696,9.971424 53.546683,9.971419 53.546677)))",EPSG:4326
Landungsbrücken Brücke 2,de:02000:80983::809309,802,"61,68,75","MULTIPOLYGON (((9.971456 53.548520,9.971720 53.548475,9.971770 53.548500,9.971779 53.548491,9.971789 53.548496,9.971860 53.548440,9.972175 53.548400,9.972184 53.548393,9.972697 53.548255,9.972700 53.548257,9.972836 53.548270,9.972942 53.548218,9.973276 53.548179,9.973321 53.548171,9.973280 53.547835,9.973278 53.547830,9.973300 53.547773,9.973288 53.547764,9.973416 53.547534,9.973464 53.547392,9.973477 53.547384,9.973478 53.547378,9.973658 53.547333,9.973669 53.547327,9.973951 53.547218,9.974003 53.547175,9.974004 53.547162,9.974082 53.547032,9.974093 53.547034,9.974093 53.547025,9.974125 53.547017,9.974125 53.547006,9.974137 53.547004,9.974163 53.547000,9.974163 53.546987,9.974220 53.546949,9.974233 53.546957,9.974246 53.546950,9.974266 53.546940,9.974260 53.546935,9.974248 53.546925,9.974221 53.546925,9.974079 53.546823,9.974129 53.546734,9.974160 53.546720,9.974580 53.546605,9.974830 53.546547,9.974823 53.546563,9.974860 53.546553,9.974861 53.546553,9.974864 53.546556,9.974864 53.546556,9.974875 53.546551,9.974883 53.546534,9.975037 53.546492,9.975137 53.546462,9.974969 53.546327,9.974969 53.546327,9.974968 53.546327,9.974966 53.546324,9.974968 53.546323,9.974974 53.546306,9.974976 53.546305,9.974976 53.546305,9.974976 53.546305,9.975770 53.546034,9.975669 53.545928,9.975573 53.545841,9.975566 53.545835,9.975199 53.545494,9.975069 53.545371,9.975067 53.545238,9.975066 53.545219,9.975114 53.545169,9.975193 53.545118,9.975193 53.545103,9.975253 53.545044,9.975256 53.545040,9.975429 53.544836,9.975598 53.544675,9.975441 53.544657,9.975414 53.544654,9.975512 53.544576,9.975631 53.544495,9.975246 53.544528,9.974332 53.544607,9.973545 53.544449,9.973112 53.544121,9.971406 53.544196,9.971178 53.544226,9.971103 53.544245,9.971001 53.544286,9.970797 53.544370,9.970667 53.544442,9.970484 53.544385,9.970180 53.544449,9.970095 53.544486,9.969960 53.544508,9.969791 53.544537,9.969780 53.544538,9.969754 53.544544,9.969446 53.544589,9.969400 53.544598,9.969244 53.544655,9.969005 53.544662,9.968961 53.544658,9.968727 53.544627,9.968637 53.544632,9.968490 53.544657,9.968403 53.544662,9.968390 53.544663,9.968366 53.544664,9.968205 53.544692,9.968190 53.544693,9.967158 53.544385,9.967164 53.544323,9.966800 53.543680,9.966801 53.543649,9.966801 53.543646,9.966667 53.543445,9.966602 53.543487,9.966457 53.543582,9.966336 53.543773,9.966336 53.543776,9.966337 53.543802,9.966023 53.544380,9.965997 53.544456,9.965325 53.545009,9.964873 53.545120,9.964863 53.545120,9.964838 53.545121,9.964799 53.545122,9.964542 53.545190,9.964520 53.545191,9.964496 53.545191,9.964422 53.545191,9.963671 53.545373,9.963671 53.545373,9.963671 53.545376,9.963668 53.545376,9.963644 53.545382,9.963644 53.545427,9.963645 53.545427,9.963650 53.545428,9.963672 53.545424,9.963675 53.545427,9.963695 53.545458,9.963724 53.545487,9.963977 53.545721,9.964110 53.545829,9.964220 53.545899,9.964230 53.545905,9.964237 53.545906,9.964240 53.545907,9.964247 53.545909,9.964253 53.545911,9.964388 53.545945,9.964448 53.545966,9.964429 53.546002,9.964424 53.546013,9.964510 53.546063,9.964610 53.546118,9.964667 53.546164,9.964771 53.546247,9.964887 53.546341,9.964965 53.546402,9.965043 53.546502,9.965076 53.546544,9.965120 53.546576,9.965181 53.546618,9.965400 53.546650,9.965698 53.546756,9.965717 53.546754,9.965754 53.546633,9.965780 53.546631,9.965826 53.546647,9.966356 53.546885,9.966448 53.546926,9.966640 53.547039,9.966733 53.547100,9.966988 53.547243,9.967285 53.547392,9.967393 53.547445,9.967898 53.547602,9.968509 53.547705,9.968853 53.547810,9.969536 53.547965,9.969573 53.547948,9.969720 53.547600,9.969826 53.547579,9.969843 53.547580,9.969961 53.547610,9.970127 53.547651,9.970130 53.547653,9.970128 53.547732,9.970124 53.547914,9.969969 53.547988,9.969967 53.547989,9.969963 53.547991,9.969946 53.548000,9.969948 53.548001,9.969952 53.548007,9.969981 53.548007,9.970045 53.548109,9.970032 53.548172,9.970020 53.548230,9.970018 53.548303,9.970189 53.548456,9.970432 53.548644,9.970680 53.548661,9.970738 53.548654,9.971124 53.548547,9.971249 53.548522,9.971456 53.548520)))",EPSG:4326
Teufelsbrück (Schiff),de:02000:80981::809303,155,"62,64,68","MULTIPOLYGON (((9.864488 53.549647,9.864641 53.549582,9.864645 53.549585,9.864655 53.549580,9.864981 53.549398,9.864862 53.549287,9.864585 53.549037,9.864893 53.548880,9.864983 53.548824,9.865010 53.548820,9.865011 53.548820,9.865014 53.548819,9.865019 53.548818,9.865222 53.548781,9.865228 53.548780,9.865232 53.548780,9.865413 53.548747,9.865430 53.548712,9.865628 53.548662,9.865617 53.548590,9.865914 53.548515,9.866076 53.548482,9.866774 53.548381,9.866931 53.548345,9.867162 53.548134,9.867271 53.548109,9.867449 53.548063,9.867506 53.548050,9.867588 53.548075,9.867609 53.548112,9.867626 53.548115,9.867793 53.548174,9.868057 53.548159,9.868099 53.548093,9.868101 53.548090,9.868183 53.547846,9.868188 53.547838,9.868191 53.547834,9.868191 53.547834,9.867892 53.547261,9.867867 53.547216,9.867863 53.547200,9.867200 53.546960,9.867074 53.546979,9.866684 53.546954,9.866625 53.546951,9.866118 53.546836,9.865851 53.546822,9.865513 53.546804,9.865020 53.546709,9.864432 53.546298,9.863129 53.545858,9.863096 53.545862,9.863051 53.545861,9.863017 53.545865,9.863006 53.545866,9.862984 53.545868,9.862931 53.545874,9.862862 53.545874,9.862809 53.545880,9.862784 53.545883,9.862773 53.545884,9.862752 53.545886,9.862724 53.545886,9.862702 53.545888,9.862691 53.545890,9.862657 53.545893,9.862606 53.545899,9.862542 53.545900,9.862491 53.545906,9.862465 53.545908,9.862409 53.545914,9.862235 53.545933,9.862027 53.545977,9.861858 53.545995,9.861076 53.546642,9.860892 53.547082,9.860594 53.547185,9.860446 53.547214,9.860433 53.547216,9.860275 53.547247,9.859932 53.547370,9.859699 53.547381,9.859680 53.547379,9.859616 53.547367,9.859396 53.547380,9.859358 53.547376,9.859339 53.547374,9.859309 53.547369,9.859183 53.547375,9.859154 53.547370,9.859134 53.547368,9.859063 53.547361,9.858977 53.547354,9.858591 53.547392,9.858523 53.547386,9.858357 53.547393,9.858267 53.547406,9.857774 53.547598,9.857723 53.547605,9.857699 53.547609,9.857684 53.547611,9.857489 53.547639,9.857085 53.547854,9.857663 53.548043,9.857713 53.548069,9.857835 53.548159,9.857812 53.548185,9.857690 53.548335,9.857681 53.548344,9.857626 53.548386,9.857622 53.548397,9.857692 53.548437,9.857727 53.548455,9.857778 53.548476,9.858058 53.548595,9.858080 53.548591,9.858082 53.548587,9.858915 53.548967,9.858923 53.548966,9.859208 53.549087,9.859557 53.548834,9.859643 53.548799,9.860012 53.548583,9.860026 53.548580,9.860264 53.548393,9.861096 53.548894,9.861496 53.549151,9.861794 53.549095,9.861798 53.549098,9.861992 53.549122,9.862012 53.549114,9.862254 53.549134,9.863546 53.549489,9.863655 53.549561,9.863655 53.549574,9.863764 53.549663,9.863909 53.549846,9.864016 53.549981,9.864081 53.549943,9.864139 53.549920,9.864355 53.549751,9.864484 53.549650,9.864488 53.549647)))",EPSG:4326
Landungsbrücken Brücke 3,de:02000:80982::809306,802,62,"MULTIPOLYGON (((9.971188 53.548523,9.971284 53.548499,9.971427 53.548501,9.971753 53.548447,9.971774 53.548457,9.971778 53.548454,9.971782 53.548456,9.971812 53.548432,9.972165 53.548387,9.972175 53.548379,9.972751 53.548225,9.972753 53.548226,9.972824 53.548233,9.972879 53.548205,9.973054 53.548185,9.973277 53.548144,9.973241 53.547845,9.973239 53.547840,9.973258 53.547789,9.973245 53.547780,9.973382 53.547535,9.973433 53.547384,9.973447 53.547376,9.973448 53.547370,9.973639 53.547322,9.973651 53.547316,9.973915 53.547214,9.973963 53.547174,9.973963 53.547162,9.974056 53.547009,9.974064 53.547010,9.974064 53.547004,9.974088 53.546997,9.974088 53.546990,9.974104 53.546987,9.974123 53.546983,9.974123 53.546974,9.974176 53.546939,9.974113 53.546905,9.974022 53.546839,9.974089 53.546721,9.974130 53.546702,9.974692 53.546548,9.974886 53.546503,9.974889 53.546506,9.974894 53.546504,9.975007 53.546474,9.975074 53.546454,9.974962 53.546363,9.974958 53.546360,9.974951 53.546362,9.974908 53.546320,9.974940 53.546297,9.974946 53.546281,9.974988 53.546267,9.974989 53.546268,9.974991 53.546267,9.975709 53.546022,9.975618 53.545926,9.975531 53.545847,9.975524 53.545841,9.975191 53.545532,9.975037 53.545387,9.975035 53.545230,9.975034 53.545211,9.975090 53.545152,9.975164 53.545106,9.975164 53.545091,9.975249 53.545007,9.975253 53.545002,9.975400 53.544829,9.975542 53.544693,9.975369 53.544674,9.975356 53.544672,9.975372 53.544660,9.975474 53.544578,9.975572 53.544512,9.975257 53.544538,9.974332 53.544616,9.973479 53.544533,9.973016 53.544167,9.971453 53.544227,9.971202 53.544258,9.971132 53.544276,9.971021 53.544322,9.970831 53.544400,9.970690 53.544481,9.970488 53.544410,9.970199 53.544474,9.970098 53.544494,9.969964 53.544514,9.969788 53.544514,9.969777 53.544514,9.969754 53.544514,9.969432 53.544565,9.969383 53.544574,9.969238 53.544632,9.969014 53.544636,9.968968 53.544632,9.968723 53.544600,9.968628 53.544605,9.968491 53.544628,9.968399 53.544632,9.968386 53.544633,9.968361 53.544635,9.968211 53.544660,9.968198 53.544660,9.967278 53.544369,9.967284 53.544292,9.967006 53.543731,9.967007 53.543650,9.967008 53.543642,9.966707 53.543113,9.966707 53.543097,9.966674 53.543075,9.966661 53.543031,9.966532 53.543114,9.966464 53.543159,9.966451 53.543168,9.966127 53.543771,9.966128 53.543779,9.966131 53.543849,9.965894 53.544352,9.965860 53.544451,9.965269 53.544946,9.964863 53.545035,9.964849 53.545036,9.964827 53.545037,9.964773 53.545039,9.964547 53.545091,9.964513 53.545093,9.964491 53.545093,9.964376 53.545093,9.963729 53.545228,9.963667 53.545228,9.963660 53.545228,9.963634 53.545228,9.963622 53.545228,9.963486 53.545264,9.963477 53.545264,9.963451 53.545266,9.963411 53.545268,9.963392 53.545271,9.963097 53.545391,9.962984 53.545408,9.962953 53.545412,9.962974 53.545438,9.963002 53.545440,9.963093 53.545501,9.963233 53.545614,9.963249 53.545614,9.963420 53.545752,9.963440 53.545757,9.963490 53.545857,9.963489 53.545866,9.963445 53.545895,9.963517 53.545962,9.963543 53.545958,9.963556 53.545966,9.963621 53.545965,9.963633 53.545966,9.963740 53.545981,9.963740 53.545983,9.963740 53.546020,9.963859 53.546108,9.963920 53.546149,9.963975 53.546194,9.964029 53.546236,9.964291 53.546441,9.964319 53.546483,9.964410 53.546610,9.964482 53.546668,9.964523 53.546707,9.964765 53.546743,9.965043 53.546784,9.965225 53.546810,9.966004 53.547087,9.966089 53.547155,9.966100 53.547149,9.966131 53.547137,9.966194 53.547147,9.966213 53.547152,9.966243 53.547174,9.966317 53.547215,9.966798 53.547458,9.966849 53.547482,9.967738 53.547758,9.968814 53.547941,9.968860 53.547955,9.968963 53.547978,9.968961 53.547980,9.969735 53.548244,9.969780 53.548219,9.969923 53.548223,9.969910 53.548283,9.969907 53.548422,9.969984 53.548491,9.970339 53.548766,9.970697 53.548764,9.970722 53.548755,9.971166 53.548563,9.971174 53.548527,9.971188 53.548523),(9.969765 53.547649,9.969889 53.547636,9.970039 53.547675,9.970045 53.547675,9.970082 53.547726,9.970079 53.547819,9.970000 53.547857,9.969915 53.547897,9.969787 53.547859,9.969771 53.547859,9.969703 53.547829,9.969762 53.547651,9.969765 53.547649)))",EPSG:4326
Altona (Fischmarkt),de:02000:80980::809300,2512,"61,62,68","MULTIPOLYGON (((9.954383 53.547961,9.954465 53.547861,9.954465 53.547861,9.954531 53.547825,9.954531 53.547825,9.954613 53.547660,9.954643 53.547621,9.954833 53.547546,9.954898 53.547496,9.954924 53.547499,9.955092 53.547218,9.955389 53.547124,9.955399 53.546943,9.955464 53.546796,9.955433 53.546757,9.955433 53.546749,9.955686 53.546601,9.956015 53.546740,9.956081 53.546771,9.956118 53.546720,9.956220 53.546580,9.956316 53.546542,9.956449 53.546437,9.956439 53.546409,9.956442 53.546405,9.956456 53.546389,9.956711 53.546125,9.957056 53.546094,9.957334 53.546205,9.957506 53.546154,9.957512 53.546150,9.957557 53.546125,9.957594 53.546109,9.957637 53.546092,9.957781 53.546034,9.957895 53.545995,9.957899 53.545995,9.957914 53.545989,9.957914 53.545981,9.957915 53.545950,9.957902 53.545949,9.957890 53.545898,9.957860 53.545886,9.957849 53.545878,9.957854 53.545844,9.957845 53.545833,9.957821 53.545824,9.957725 53.545803,9.957696 53.545762,9.957668 53.545759,9.957554 53.545710,9.957512 53.545711,9.957122 53.545631,9.957073 53.545625,9.956664 53.545484,9.956590 53.545475,9.956584 53.545474,9.956511 53.545465,9.956090 53.545303,9.955868 53.545275,9.955800 53.545261,9.955736 53.545252,9.955507 53.545206,9.955489 53.545203,9.955437 53.545196,9.955287 53.545146,9.955232 53.545138,9.955215 53.545136,9.955198 53.545133,9.955147 53.545126,9.955017 53.545083,9.954963 53.545076,9.954783 53.545061,9.954753 53.545061,9.954724 53.545061,9.954649 53.545049,9.954618 53.545048,9.954613 53.545048,9.954527 53.545047,9.954267 53.545000,9.954253 53.544995,9.954199 53.544995,9.953764 53.544671,9.953745 53.544647,9.953003 53.544353,9.952743 53.544298,9.952420 53.544193,9.952145 53.544135,9.952106 53.544127,9.952095 53.544125,9.951862 53.544073,9.951556 53.544036,9.951291 53.543922,9.950586 53.543652,9.950122 53.543658,9.949651 53.543613,9.949174 53.543567,9.948709 53.543586,9.948620 53.543579,9.948604 53.543578,9.948198 53.543553,9.947032 53.543662,9.946787 53.543646,9.946771 53.543645,9.945647 53.543869,9.945617 53.543915,9.945622 53.543926,9.945443 53.544176,9.945426 53.544177,9.945334 53.544232,9.945335 53.544242,9.945150 53.544375,9.945622 53.544609,9.945773 53.544682,9.945790 53.544689,9.945950 53.544788,9.946069 53.544809,9.946111 53.544824,9.945946 53.545104,9.945946 53.545293,9.945894 53.545340,9.945883 53.545336,9.945868 53.545341,9.945862 53.545342,9.945863 53.545346,9.945864 53.545346,9.945864 53.545347,9.945866 53.545347,9.945873 53.545357,9.945873 53.545358,9.945876 53.545358,9.945895 53.545346,9.945896 53.545345,9.945897 53.545345,9.946039 53.545359,9.946071 53.545375,9.946086 53.545375,9.946280 53.545447,9.946331 53.545460,9.946360 53.545459,9.946361 53.545459,9.946528 53.545503,9.946602 53.545614,9.946698 53.545534,9.946698 53.545521,9.946791 53.545466,9.947293 53.545553,9.947355 53.545623,9.947501 53.545867,9.947574 53.545976,9.947507 53.546012,9.947495 53.546012,9.947423 53.546052,9.947282 53.546138,9.947273 53.546143,9.947378 53.546212,9.947399 53.546211,9.947408 53.546211,9.947447 53.546239,9.947527 53.546287,9.947522 53.546290,9.947606 53.546353,9.947643 53.546317,9.947756 53.546270,9.947802 53.546242,9.947820 53.546223,9.947836 53.546221,9.947853 53.546210,9.947999 53.546233,9.948025 53.546234,9.948184 53.546227,9.948206 53.546228,9.948303 53.546239,9.948327 53.546240,9.948570 53.546270,9.948604 53.546295,9.948704 53.546357,9.948705 53.546357,9.948707 53.546357,9.948717 53.546364,9.948717 53.546365,9.948751 53.546405,9.948756 53.546406,9.948759 53.546410,9.948779 53.546420,9.948779 53.546423,9.948970 53.546538,9.948996 53.546544,9.948997 53.546556,9.949028 53.546564,9.949028 53.546578,9.949063 53.546588,9.949063 53.546591,9.949120 53.546635,9.949271 53.546731,9.949557 53.546922,9.949575 53.546933,9.949575 53.546934,9.949576 53.546934,9.949576 53.546935,9.949598 53.546949,9.949598 53.546965,9.949692 53.547014,9.949688 53.547026,9.949839 53.547087,9.949887 53.547124,9.949937 53.547262,9.950147 53.547165,9.950156 53.547167,9.950181 53.547176,9.950188 53.547180,9.950195 53.547184,9.950193 53.547185,9.950188 53.547186,9.949986 53.547306,9.949980 53.547311,9.949976 53.547321,9.949960 53.547323,9.950185 53.547550,9.950191 53.547542,9.950202 53.547548,9.950319 53.547539,9.950378 53.547531,9.950394 53.547529,9.950668 53.547539,9.950676 53.547543,9.950691 53.547570,9.950767 53.547540,9.950771 53.547538,9.951118 53.547528,9.951128 53.547519,9.951355 53.547471,9.951359 53.547472,9.951368 53.547491,9.951388 53.547480,9.951393 53.547480,9.951651 53.547305,9.952019 53.547374,9.952123 53.547368,9.952137 53.547372,9.952231 53.547398,9.952531 53.547493,9.952530 53.547513,9.952535 53.547517,9.952562 53.547549,9.952571 53.547550,9.952753 53.547509,9.952909 53.547573,9.952913 53.547572,9.952913 53.547573,9.952918 53.547572,9.952945 53.547570,9.952927 53.547560,9.952957 53.547546,9.953003 53.547492,9.953024 53.547475,9.953023 53.547465,9.953056 53.547439,9.953100 53.547416,9.953102 53.547415,9.953123 53.547416,9.953125 53.547416,9.953158 53.547427,9.953190 53.547453,9.953194 53.547457,9.953195 53.547470,9.953192 53.547483,9.953194 53.547486,9.953133 53.547561,9.953098 53.547580,9.953089 53.547585,9.953089 53.547596,9.953095 53.547602,9.953077 53.547600,9.953176 53.547659,9.953179 53.547662,9.953180 53.547663,9.953183 53.547665,9.953254 53.547708,9.953548 53.547781,9.953583 53.547752,9.954367 53.547957,9.954368 53.547957,9.954383 53.547961)))",EPSG:4326
Elbphilharmonie (Schiff),de:02000:80932::809329,481,72,"MULTIPOLYGON (((9.983346 53.543623,9.983364 53.543618,9.983368 53.543620,9.983377 53.543617,9.983405 53.543607,9.983393 53.543598,9.983777 53.543434,9.983811 53.543317,9.983818 53.543309,9.984051 53.543267,9.984115 53.543114,9.984091 53.543016,9.984121 53.543001,9.984250 53.542950,9.984434 53.542932,9.984682 53.542949,9.984715 53.542949,9.984790 53.542961,9.984817 53.542962,9.985329 53.542961,9.985811 53.543226,9.985824 53.543227,9.986990 53.543244,9.987011 53.543233,9.987034 53.543223,9.987071 53.543149,9.987173 53.543017,9.987180 53.543007,9.987181 53.543006,9.987199 53.543004,9.987200 53.543004,9.987290 53.543043,9.987310 53.543041,9.987596 53.542959,9.987741 53.542886,9.987744 53.542884,9.987756 53.542877,9.987936 53.542769,9.987876 53.542721,9.987619 53.542517,9.987381 53.542327,9.987370 53.542332,9.987365 53.542328,9.987315 53.542310,9.987359 53.542211,9.987380 53.542207,9.987397 53.542200,9.987399 53.542200,9.987404 53.542201,9.987406 53.542201,9.987453 53.542195,9.988284 53.542084,9.988784 53.542011,9.989188 53.541955,9.989790 53.541865,9.989851 53.541848,9.990044 53.541826,9.990139 53.541784,9.990240 53.541760,9.990251 53.541762,9.990256 53.541765,9.990437 53.541676,9.990455 53.541666,9.990457 53.541661,9.990542 53.541586,9.990568 53.541587,9.990616 53.541565,9.990619 53.541564,9.990625 53.541561,9.990619 53.541557,9.990582 53.541530,9.990578 53.541509,9.990575 53.541473,9.990680 53.541458,9.990713 53.541439,9.990715 53.541438,9.991029 53.541360,9.991032 53.541361,9.991238 53.541311,9.991808 53.541184,9.991905 53.541161,9.991970 53.541146,9.992246 53.541071,9.992355 53.541025,9.992159 53.540960,9.992166 53.540945,9.992165 53.540941,9.992036 53.540892,9.992010 53.540891,9.991807 53.540901,9.990920 53.540688,9.990898 53.540688,9.990852 53.540687,9.990610 53.540636,9.990557 53.540636,9.990537 53.540635,9.990496 53.540634,9.990322 53.540596,9.990277 53.540594,9.990257 53.540593,9.990244 53.540593,9.990073 53.540586,9.989480 53.540470,9.989264 53.540462,9.989235 53.540460,9.989218 53.540460,9.989042 53.540453,9.988613 53.540376,9.988524 53.540356,9.988485 53.540337,9.988441 53.540327,9.988229 53.540337,9.987461 53.540156,9.986958 53.539804,9.985106 53.540037,9.985095 53.540042,9.984799 53.540183,9.984767 53.540220,9.984759 53.540226,9.984788 53.540315,9.984752 53.540328,9.984661 53.540343,9.984626 53.540355,9.984613 53.540359,9.984088 53.540604,9.983696 53.540717,9.983299 53.540831,9.982797 53.541105,9.982211 53.541717,9.982228 53.541718,9.982366 53.541699,9.982381 53.541700,9.982409 53.541731,9.982473 53.541723,9.982487 53.541724,9.982692 53.541703,9.982704 53.541703,9.982752 53.541697,9.982764 53.541698,9.982773 53.541703,9.982914 53.541691,9.982925 53.541691,9.982958 53.541687,9.982969 53.541687,9.983087 53.541676,9.983412 53.541805,9.983426 53.541806,9.983474 53.541802,9.983489 53.541802,9.983645 53.541797,9.983974 53.541843,9.983981 53.541843,9.984035 53.541842,9.984100 53.541774,9.984191 53.541781,9.984209 53.541781,9.984378 53.541802,9.984468 53.541805,9.984486 53.541806,9.984572 53.541808,9.984772 53.541833,9.984927 53.541879,9.984884 53.542254,9.984882 53.542266,9.984723 53.542356,9.984707 53.542360,9.984637 53.542358,9.984614 53.542379,9.984339 53.542505,9.984313 53.542503,9.984283 53.542502,9.983942 53.542474,9.983898 53.542470,9.983882 53.542438,9.983829 53.542438,9.983802 53.542434,9.983719 53.542441,9.983716 53.542440,9.983693 53.542439,9.983618 53.542444,9.983595 53.542442,9.983516 53.542428,9.983228 53.542424,9.983223 53.542423,9.983208 53.542421,9.983203 53.542420,9.983137 53.542408,9.982911 53.542456,9.982885 53.542452,9.982882 53.542452,9.982871 53.542449,9.982581 53.542427,9.982462 53.542568,9.982471 53.542570,9.982471 53.542571,9.982456 53.542576,9.982705 53.542817,9.982706 53.542817,9.982722 53.542821,9.982734 53.542823,9.982771 53.542875,9.982810 53.542918,9.982816 53.542919,9.982843 53.542996,9.982803 53.543059,9.982800 53.543078,9.982791 53.543156,9.982772 53.543274,9.982753 53.543426,9.982750 53.543470,9.982750 53.543471,9.982751 53.543472,9.982751 53.543475,9.982834 53.543507,9.982836 53.543508,9.982845 53.543508,9.982956 53.543542,9.982900 53.543504,9.982917 53.543493,9.983111 53.543488,9.983183 53.543483,9.983187 53.543481,9.983206 53.543490,9.983304 53.543578,9.983294 53.543580,9.983308 53.543622,9.983310 53.543630,9.983313 53.543634,9.983346 53.543623),(9.986568 53.541331,9.986496 53.541327,9.986482 53.541327,9.986459 53.541328,9.986432 53.541326,9.986416 53.541326,9.986342 53.541322,9.986284 53.541319,9.986209 53.541315,9.986126 53.541311,9.986054 53.541307,9.985964 53.541302,9.985905 53.541299,9.985859 53.541297,9.985814 53.541295,9.985743 53.541291,9.985639 53.541205,9.985701 53.541179,9.985802 53.541171,9.985846 53.541104,9.985949 53.541096,9.986083 53.541027,9.986302 53.541026,9.986491 53.541036,9.986587 53.541032,9.986599 53.541064,9.986674 53.541086,9.986864 53.541107,9.986873 53.541105,9.987078 53.541127,9.987331 53.541110,9.987501 53.541131,9.987684 53.541153,9.987761 53.541140,9.987831 53.541165,9.988208 53.541213,9.988213 53.541211,9.988298 53.541195,9.988307 53.541196,9.988603 53.541238,9.988843 53.541239,9.989112 53.541285,9.989640 53.541377,9.989770 53.541362,9.989997 53.541434,9.990011 53.541429,9.990018 53.541434,9.990032 53.541445,9.990024 53.541457,9.989995 53.541499,9.989979 53.541499,9.989976 53.541498,9.989843 53.541496,9.989823 53.541495,9.989712 53.541492,9.989675 53.541489,9.989665 53.541489,9.989597 53.541487,9.989565 53.541484,9.989557 53.541484,9.989544 53.541482,9.989536 53.541482,9.989292 53.541473,9.989253 53.541471,9.989197 53.541467,9.989107 53.541463,9.989050 53.541460,9.988962 53.541456,9.988903 53.541452,9.988851 53.541449,9.988758 53.541445,9.988715 53.541443,9.988663 53.541440,9.988619 53.541438,9.988553 53.541434,9.988485 53.541431,9.988393 53.541427,9.988325 53.541423,9.988234 53.541419,9.988154 53.541414,9.988052 53.541408,9.987859 53.541399,9.987803 53.541396,9.987744 53.541393,9.987682 53.541389,9.987622 53.541386,9.987565 53.541384,9.987482 53.541379,9.987424 53.541376,9.987410 53.541375,9.987340 53.541371,9.987232 53.541366,9.987177 53.541363,9.987113 53.541360,9.987090 53.541359,9.987027 53.541356,9.986960 53.541352,9.986897 53.541349,9.986826 53.541345,9.986763 53.541342,9.986713 53.541339,9.986678 53.541337,9.986662 53.541336,9.986568 53.541331)))",EPSG:4326
